Stratégie,Poids HRP (%),Poids IVP (%),Volatilité (An.) (%),Contribution Risque (%)
Trend_Following_5m,3.72731175900722,4.065108878315813,25.13187422036589,3.4877539707281087
V14_PPO_Futures,12.0,15.526884687795908,12.85934371616658,20.41915206670957
V14_PPO_Futures_Beta,13.830831801962947,13.403252942632285,13.84063009226184,21.62281419982816
Mean_Reversion_15m,6.8239338568657475,6.703828670387003,19.57039157190474,5.0507183581896635
Options_Writing_Theta,61.3812707211817,60.30092482086899,6.525277447206171,49.419561404544496
